{"deletable":false,"presetName":"1-Standard Ivy 2","path":"Assets/3Dynamite/RealIvy/Presets/1-Standard Ivy 2.json","presetParameters":{"branchMaterial":{"instanceID":11278},"branchMaterialGUID":"cdefbaef4feaf0e4db4f03fd0434f4de","leavesMaterial":{"instanceID":11268},"leavesMaterialGUID":"c895fb344e60e52429e8bfb873254c6f","leavesMesh":{"instanceID":11970},"leavesMeshGUID":"c39e2b3c8530f1845a038af5883fd592","randomSeed":6208,"stepSize":0.10000000149011612,"gravity":{"x":0.0,"y":-1.0,"z":0.0},"maxBranchs":15,"branchProvability":0.10000000149011612,"fallProbavilityOnCorner":0.8999999761581421,"directionAmplitude":0.20000000298023225,"directionFrequenzy":0.20000000298023225,"directionRandomness":0.5,"distanceToSurface":0.009999999776482582,"distanceToSurfaceAmplitude":0.029999999329447748,"distanceToSurfaceFrequenzy":0.5099999904632568,"leaveEvery":1,"leaveEveryRandomness":3,"generateBranch":true,"sides":3,"maxRadius":0.009999999776482582,"minRadius":0.004999999888241291,"tipInfluenceBranch":5,"radiusVariationFrequenzy":0.20000000298023225,"radiusVariationPhase":0.0,"uvU":1.0,"uvV":2.0,"generateLeaves":true,"maxScale":1.5,"minScale":0.75,"tipInfluenceLeave":0.4000000059604645,"positionOffset":{"x":0.0,"y":0.0,"z":0.0},"positionOffsetRandomness":{"x":0.0,"y":0.0,"z":0.0},"globalDirection":false,"globalDirectionInfluence":1.0,"globalDirectionVector":{"x":148.75,"y":0.0,"z":0.0},"globalDirectionVectorRandomness":{"x":14.300000190734864,"y":-37.900001525878909,"z":-12.899999618530274},"directionVector":{"x":-60.0,"y":0.0,"z":0.0},"directionVectorRandomness":{"x":10.0,"y":25.0,"z":5.0}}}