{"deletable":false,"presetName":"9-Ground Plants","path":"Assets/3Dynamite/RealIvy/Presets/9-Ground Plants.json","presetParameters":{"branchMaterial":{"instanceID":11278},"branchMaterialGUID":"cdefbaef4feaf0e4db4f03fd0434f4de","leavesMaterial":{"instanceID":11206},"leavesMaterialGUID":"85956ef72bc869b4dad2be300af62d71","leavesMesh":{"instanceID":11970},"leavesMeshGUID":"c39e2b3c8530f1845a038af5883fd592","randomSeed":-1572,"stepSize":0.10000000149011612,"gravity":{"x":0.0,"y":-1.0,"z":0.0},"maxBranchs":15,"branchProvability":0.10000000149011612,"fallProbavilityOnCorner":0.8999999761581421,"directionAmplitude":0.20000000298023225,"directionFrequenzy":0.20000000298023225,"directionRandomness":0.5,"distanceToSurface":0.009999999776482582,"distanceToSurfaceAmplitude":0.029999999329447748,"distanceToSurfaceFrequenzy":0.5099999904632568,"leaveEvery":1,"leaveEveryRandomness":3,"generateBranch":false,"sides":3,"maxRadius":0.014999999664723874,"minRadius":0.007000000216066837,"tipInfluenceBranch":5,"radiusVariationFrequenzy":0.20000000298023225,"radiusVariationPhase":0.0,"uvU":1.0,"uvV":2.0,"generateLeaves":true,"maxScale":1.5,"minScale":0.75,"tipInfluenceLeave":0.4000000059604645,"positionOffset":{"x":0.0,"y":-0.029999999329447748,"z":0.0},"positionOffsetRandomness":{"x":0.0,"y":0.0,"z":0.0},"globalDirection":true,"globalDirectionInfluence":1.0,"globalDirectionVector":{"x":0.0,"y":0.0,"z":0.0},"globalDirectionVectorRandomness":{"x":38.0,"y":80.41999816894531,"z":54.5},"directionVector":{"x":0.0,"y":0.0,"z":0.0},"directionVectorRandomness":{"x":90.0,"y":33.209999084472659,"z":0.0}}}